filename,width,height,class,xmin,ymin,xmax,ymax
100_arrow_3.jpg,826,825,arrow,269,300,323,335
100_arrow_3.jpg,826,825,arrow,328,297,396,355
100_arrow_3.jpg,826,825,arrow,303,273,358,297
100_arrow_3.jpg,826,825,arrow,398,296,451,385
100_arrow_3.jpg,826,825,arrow,446,292,494,363
100_arrow_3.jpg,826,825,arrow,470,258,529,293
100_arrow_3.jpg,826,825,arrow,287,253,337,278
260_arrow_1.jpg,800,800,arrow,645,191,718,297
260_arrow_1.jpg,800,800,arrow,565,187,634,290
260_arrow_1.jpg,800,800,arrow,507,184,570,275
260_arrow_1.jpg,800,800,arrow,448,166,519,243
260_arrow_1.jpg,800,800,arrow,383,137,446,222
260_arrow_1.jpg,800,800,arrow,329,126,384,215
260_arrow_1.jpg,800,800,arrow,268,119,341,217
260_arrow_1.jpg,800,800,arrow,203,138,263,226
260_arrow_1.jpg,800,800,arrow,139,105,199,188
260_arrow_1.jpg,800,800,arrow,601,418,668,513
260_arrow_1.jpg,800,800,arrow,505,392,580,501
260_arrow_1.jpg,800,800,arrow,434,377,492,474
260_arrow_1.jpg,800,800,arrow,360,360,426,453
260_arrow_1.jpg,800,800,arrow,293,343,357,440
260_arrow_1.jpg,800,800,arrow,238,338,298,453
260_arrow_1.jpg,800,800,arrow,171,335,227,424
260_arrow_1.jpg,800,800,arrow,85,328,142,420
260_arrow_1.jpg,800,800,arrow,560,644,639,728
260_arrow_1.jpg,800,800,arrow,486,633,556,713
260_arrow_1.jpg,800,800,arrow,408,609,488,686
260_arrow_1.jpg,800,800,arrow,350,595,404,667
260_arrow_1.jpg,800,800,arrow,276,589,347,664
260_arrow_1.jpg,800,800,arrow,212,587,278,678
260_arrow_1.jpg,800,800,arrow,126,573,191,667
40_arrow_1.jpg,800,800,arrow,42,302,125,372
40_arrow_1.jpg,800,800,arrow,102,358,189,428
40_arrow_1.jpg,800,800,arrow,148,407,228,471
40_arrow_1.jpg,800,800,arrow,180,462,254,549
40_arrow_1.jpg,800,800,arrow,214,530,279,586
40_arrow_1.jpg,800,800,arrow,251,574,320,631
40_arrow_1.jpg,800,800,arrow,286,598,359,670
40_arrow_1.jpg,800,800,arrow,353,645,421,702
40_arrow_1.jpg,800,800,arrow,381,714,446,768
40_arrow_1.jpg,800,800,arrow,225,167,298,229
40_arrow_1.jpg,800,800,arrow,278,236,363,307
40_arrow_1.jpg,800,800,arrow,330,307,405,371
40_arrow_1.jpg,800,800,arrow,373,368,445,428
40_arrow_1.jpg,800,800,arrow,414,422,489,485
40_arrow_1.jpg,800,800,arrow,452,450,542,525
40_arrow_1.jpg,800,800,arrow,506,515,575,573
40_arrow_1.jpg,800,800,arrow,566,573,638,633
40_arrow_1.jpg,800,800,arrow,398,1,463,111
40_arrow_1.jpg,800,800,arrow,450,83,514,141
40_arrow_1.jpg,800,800,arrow,460,144,585,237
40_arrow_1.jpg,800,800,arrow,537,213,593,260
40_arrow_1.jpg,800,800,arrow,584,228,642,335
40_arrow_1.jpg,800,800,arrow,632,291,704,350
40_arrow_1.jpg,800,800,arrow,689,341,766,416
340_arrow_1.jpg,800,800,arrow,245,49,346,140
340_arrow_1.jpg,800,800,arrow,226,131,325,218
340_arrow_1.jpg,800,800,arrow,212,194,300,273
340_arrow_1.jpg,800,800,arrow,185,241,258,324
340_arrow_1.jpg,800,800,arrow,145,308,226,385
340_arrow_1.jpg,800,800,arrow,124,367,209,437
340_arrow_1.jpg,800,800,arrow,108,408,201,498
340_arrow_1.jpg,800,800,arrow,114,489,198,563
340_arrow_1.jpg,800,800,arrow,71,546,150,620
340_arrow_1.jpg,800,800,arrow,460,137,550,221
340_arrow_1.jpg,800,800,arrow,419,220,523,313
340_arrow_1.jpg,800,800,arrow,390,304,483,379
340_arrow_1.jpg,800,800,arrow,361,366,449,448
340_arrow_1.jpg,800,800,arrow,333,431,425,512
340_arrow_1.jpg,800,800,arrow,317,508,427,548
340_arrow_1.jpg,800,800,arrow,303,558,387,629
340_arrow_1.jpg,800,800,arrow,281,640,368,713
340_arrow_1.jpg,800,800,arrow,677,206,756,299
340_arrow_1.jpg,800,800,arrow,652,286,728,369
340_arrow_1.jpg,800,800,arrow,616,348,689,442
340_arrow_1.jpg,800,800,arrow,589,429,657,495
340_arrow_1.jpg,800,800,arrow,572,483,644,567
340_arrow_1.jpg,800,800,arrow,559,552,646,633
340_arrow_1.jpg,800,800,arrow,530,635,620,715
40_arrow_3.jpg,826,825,arrow,403,250,462,287
40_arrow_3.jpg,826,825,arrow,424,301,500,342
40_arrow_3.jpg,826,825,arrow,448,245,503,296
40_arrow_3.jpg,826,825,arrow,446,359,515,417
40_arrow_3.jpg,826,825,arrow,487,397,542,444
40_arrow_3.jpg,826,825,arrow,546,401,606,457
40_arrow_3.jpg,826,825,arrow,464,229,510,279
120_arrow_1.jpg,800,800,arrow,256,653,310,747
120_arrow_1.jpg,800,800,arrow,324,606,376,697
120_arrow_1.jpg,800,800,arrow,356,579,449,659
120_arrow_1.jpg,800,800,arrow,413,569,509,637
120_arrow_1.jpg,800,800,arrow,483,540,574,615
120_arrow_1.jpg,800,800,arrow,557,508,602,586
120_arrow_1.jpg,800,800,arrow,569,473,674,559
120_arrow_1.jpg,800,800,arrow,645,421,689,498
120_arrow_1.jpg,800,800,arrow,695,409,782,481
120_arrow_1.jpg,800,800,arrow,128,459,227,542
120_arrow_1.jpg,800,800,arrow,232,407,287,503
120_arrow_1.jpg,800,800,arrow,309,378,359,463
120_arrow_1.jpg,800,800,arrow,351,349,448,431
120_arrow_1.jpg,800,800,arrow,437,315,486,400
120_arrow_1.jpg,800,800,arrow,474,268,532,369
120_arrow_1.jpg,800,800,arrow,544,247,589,325
120_arrow_1.jpg,800,800,arrow,612,195,658,276
120_arrow_1.jpg,800,800,arrow,12,258,115,345
120_arrow_1.jpg,800,800,arrow,82,233,179,303
120_arrow_1.jpg,800,800,arrow,164,190,237,277
120_arrow_1.jpg,800,800,arrow,220,173,298,237
120_arrow_1.jpg,800,800,arrow,273,136,369,202
120_arrow_1.jpg,800,800,arrow,320,81,416,162
120_arrow_1.jpg,800,800,arrow,394,34,490,117
260_arrow_3.jpg,826,825,arrow,475,493,525,578
260_arrow_3.jpg,826,825,arrow,395,482,463,540
260_arrow_3.jpg,826,825,arrow,436,531,473,593
260_arrow_3.jpg,826,825,arrow,349,431,402,520
260_arrow_3.jpg,826,825,arrow,305,437,352,508
260_arrow_3.jpg,826,825,arrow,256,471,296,539
260_arrow_3.jpg,826,825,arrow,452,564,477,606
100_arrow_1.jpg,800,800,arrow,151,589,224,695
100_arrow_1.jpg,800,800,arrow,232,568,301,671
100_arrow_1.jpg,800,800,arrow,296,561,359,652
100_arrow_1.jpg,800,800,arrow,352,573,422,650
100_arrow_1.jpg,800,800,arrow,429,569,492,654
100_arrow_1.jpg,800,800,arrow,490,556,546,644
100_arrow_1.jpg,800,800,arrow,532,536,605,633
100_arrow_1.jpg,800,800,arrow,601,503,660,591
100_arrow_1.jpg,800,800,arrow,673,517,732,600
100_arrow_1.jpg,800,800,arrow,122,371,190,465
100_arrow_1.jpg,800,800,arrow,212,350,286,459
100_arrow_1.jpg,800,800,arrow,302,348,360,446
100_arrow_1.jpg,800,800,arrow,370,344,436,437
100_arrow_1.jpg,800,800,arrow,440,333,505,430
100_arrow_1.jpg,800,800,arrow,494,301,554,416
100_arrow_1.jpg,800,800,arrow,567,306,623,394
100_arrow_1.jpg,800,800,arrow,648,280,705,372
100_arrow_1.jpg,800,800,arrow,74,157,153,241
100_arrow_1.jpg,800,800,arrow,157,144,227,224
100_arrow_1.jpg,800,800,arrow,229,144,309,221
100_arrow_1.jpg,800,800,arrow,315,139,368,211
100_arrow_1.jpg,800,800,arrow,369,119,440,193
100_arrow_1.jpg,800,800,arrow,432,82,498,173
100_arrow_1.jpg,800,800,arrow,518,63,583,157
60_arrow_rotatable.jpg,826,825,arrow,46,393,84,459
60_arrow_rotatable.jpg,826,825,arrow,101,407,144,481
60_arrow_rotatable.jpg,826,825,arrow,131,455,202,511
60_arrow_rotatable.jpg,826,825,arrow,180,485,261,555
60_arrow_rotatable.jpg,826,825,arrow,249,509,290,580
60_arrow_rotatable.jpg,826,825,arrow,298,532,341,606
60_arrow_rotatable.jpg,826,825,arrow,342,568,441,646
60_arrow_rotatable.jpg,826,825,arrow,397,606,492,674
60_arrow_rotatable.jpg,826,825,arrow,449,654,557,723
60_arrow_rotatable.jpg,826,825,arrow,130,210,202,266
60_arrow_rotatable.jpg,826,825,arrow,211,243,252,314
60_arrow_rotatable.jpg,826,825,arrow,276,289,316,359
60_arrow_rotatable.jpg,826,825,arrow,323,321,365,394
60_arrow_rotatable.jpg,826,825,arrow,365,336,455,404
60_arrow_rotatable.jpg,826,825,arrow,441,366,485,442
60_arrow_rotatable.jpg,826,825,arrow,473,403,569,480
60_arrow_rotatable.jpg,826,825,arrow,526,451,629,533
60_arrow_rotatable.jpg,826,825,arrow,592,482,707,573
60_arrow_rotatable.jpg,826,825,arrow,246,31,284,96
60_arrow_rotatable.jpg,826,825,arrow,304,62,349,140
60_arrow_rotatable.jpg,826,825,arrow,384,119,423,187
60_arrow_rotatable.jpg,826,825,arrow,428,158,471,233
60_arrow_rotatable.jpg,826,825,arrow,482,183,525,257
60_arrow_rotatable.jpg,826,825,arrow,546,220,591,298
60_arrow_rotatable.jpg,826,825,arrow,573,248,677,335
60_arrow_rotatable.jpg,826,825,arrow,615,290,754,390
60_arrow_rotatable.jpg,826,825,arrow,691,323,830,422
340_arrow_3.jpg,826,825,arrow,507,318,590,376
340_arrow_3.jpg,826,825,arrow,493,380,549,450
340_arrow_3.jpg,826,825,arrow,537,376,577,431
340_arrow_3.jpg,826,825,arrow,426,426,510,493
340_arrow_3.jpg,826,825,arrow,423,475,490,535
340_arrow_3.jpg,826,825,arrow,471,531,515,585
340_arrow_3.jpg,826,825,arrow,571,376,617,427
240_arrow_rotatable.jpg,826,825,arrow,740,366,778,432
240_arrow_rotatable.jpg,826,825,arrow,680,344,723,418
240_arrow_rotatable.jpg,826,825,arrow,622,314,693,370
240_arrow_rotatable.jpg,826,825,arrow,563,270,644,340
240_arrow_rotatable.jpg,826,825,arrow,513,245,595,316
240_arrow_rotatable.jpg,826,825,arrow,483,219,526,293
240_arrow_rotatable.jpg,826,825,arrow,383,179,482,257
240_arrow_rotatable.jpg,826,825,arrow,332,151,427,219
240_arrow_rotatable.jpg,826,825,arrow,267,102,375,171
240_arrow_rotatable.jpg,826,825,arrow,622,559,694,615
240_arrow_rotatable.jpg,826,825,arrow,572,511,613,582
240_arrow_rotatable.jpg,826,825,arrow,508,466,548,536
240_arrow_rotatable.jpg,826,825,arrow,459,431,501,504
240_arrow_rotatable.jpg,826,825,arrow,369,421,459,489
240_arrow_rotatable.jpg,826,825,arrow,339,383,383,459
240_arrow_rotatable.jpg,826,825,arrow,255,345,351,422
240_arrow_rotatable.jpg,826,825,arrow,195,292,298,374
240_arrow_rotatable.jpg,826,825,arrow,117,252,232,343
240_arrow_rotatable.jpg,826,825,arrow,540,729,578,794
240_arrow_rotatable.jpg,826,825,arrow,475,685,520,763
240_arrow_rotatable.jpg,826,825,arrow,381,638,459,706
240_arrow_rotatable.jpg,826,825,arrow,353,592,396,667
240_arrow_rotatable.jpg,826,825,arrow,299,568,342,642
240_arrow_rotatable.jpg,826,825,arrow,233,527,278,605
240_arrow_rotatable.jpg,826,825,arrow,147,490,251,577
240_arrow_rotatable.jpg,826,825,arrow,70,435,209,535
240_arrow_rotatable.jpg,826,825,arrow,-5,403,133,502
320_arrow_1.jpg,800,800,arrow,365,43,447,112
320_arrow_1.jpg,800,800,arrow,320,112,400,179
320_arrow_1.jpg,800,800,arrow,286,165,357,224
320_arrow_1.jpg,800,800,arrow,243,175,302,282
320_arrow_1.jpg,800,800,arrow,184,249,250,304
320_arrow_1.jpg,800,800,arrow,145,293,214,351
320_arrow_1.jpg,800,800,arrow,113,334,189,398
320_arrow_1.jpg,800,800,arrow,93,406,162,464
320_arrow_1.jpg,800,800,arrow,33,446,97,500
320_arrow_1.jpg,800,800,arrow,537,198,611,260
320_arrow_1.jpg,800,800,arrow,469,264,554,335
320_arrow_1.jpg,800,800,arrow,416,326,492,389
320_arrow_1.jpg,800,800,arrow,366,378,438,439
320_arrow_1.jpg,800,800,arrow,318,429,393,492
320_arrow_1.jpg,800,800,arrow,285,473,375,549
320_arrow_1.jpg,800,800,arrow,247,534,316,592
320_arrow_1.jpg,800,800,arrow,199,604,270,664
320_arrow_1.jpg,800,800,arrow,715,310,780,429
320_arrow_1.jpg,800,800,arrow,666,377,728,485
320_arrow_1.jpg,800,800,arrow,575,423,702,540
320_arrow_1.jpg,800,800,arrow,560,511,616,558
320_arrow_1.jpg,800,800,arrow,523,536,581,643
320_arrow_1.jpg,800,800,arrow,488,620,560,680
320_arrow_1.jpg,800,800,arrow,433,688,507,749
160_arrow_3.jpg,826,825,arrow,259,435,302,505
160_arrow_3.jpg,826,825,arrow,282,373,324,449
160_arrow_3.jpg,826,825,arrow,253,393,279,449
160_arrow_3.jpg,826,825,arrow,318,336,398,376
160_arrow_3.jpg,826,825,arrow,334,290,402,330
160_arrow_3.jpg,826,825,arrow,316,240,355,296
160_arrow_3.jpg,826,825,arrow,212,401,255,449
200_arrow_1.jpg,800,800,arrow,624,521,726,612
200_arrow_1.jpg,800,800,arrow,590,449,688,536
200_arrow_1.jpg,800,800,arrow,572,395,660,474
200_arrow_1.jpg,800,800,arrow,574,333,647,417
200_arrow_1.jpg,800,800,arrow,557,264,638,342
200_arrow_1.jpg,800,800,arrow,534,212,619,283
200_arrow_1.jpg,800,800,arrow,506,156,599,246
200_arrow_1.jpg,800,800,arrow,463,109,547,183
200_arrow_1.jpg,800,800,arrow,464,36,543,110
200_arrow_1.jpg,800,800,arrow,415,594,505,678
200_arrow_1.jpg,800,800,arrow,378,500,482,593
200_arrow_1.jpg,800,800,arrow,362,430,455,505
200_arrow_1.jpg,800,800,arrow,346,356,434,439
200_arrow_1.jpg,800,800,arrow,323,290,415,371
200_arrow_1.jpg,800,800,arrow,283,264,393,304
200_arrow_1.jpg,800,800,arrow,274,180,359,251
200_arrow_1.jpg,800,800,arrow,235,103,322,176
200_arrow_1.jpg,800,800,arrow,211,670,291,763
200_arrow_1.jpg,800,800,arrow,185,600,261,683
200_arrow_1.jpg,800,800,arrow,172,519,246,613
200_arrow_1.jpg,800,800,arrow,154,463,222,529
200_arrow_1.jpg,800,800,arrow,123,395,195,479
200_arrow_1.jpg,800,800,arrow,76,341,164,423
200_arrow_1.jpg,800,800,arrow,43,261,133,342
160_arrow_rotatable.jpg,826,825,arrow,450,722,521,783
160_arrow_rotatable.jpg,826,825,arrow,453,657,533,727
160_arrow_rotatable.jpg,826,825,arrow,494,611,555,672
160_arrow_rotatable.jpg,826,825,arrow,513,548,589,617
160_arrow_rotatable.jpg,826,825,arrow,528,495,605,564
160_arrow_rotatable.jpg,826,825,arrow,542,444,622,510
160_arrow_rotatable.jpg,826,825,arrow,564,357,649,442
160_arrow_rotatable.jpg,826,825,arrow,594,299,668,382
160_arrow_rotatable.jpg,826,825,arrow,630,227,706,322
160_arrow_rotatable.jpg,826,825,arrow,253,654,313,716
160_arrow_rotatable.jpg,826,825,arrow,273,579,350,648
160_arrow_rotatable.jpg,826,825,arrow,307,509,383,576
160_arrow_rotatable.jpg,826,825,arrow,330,454,409,524
160_arrow_rotatable.jpg,826,825,arrow,333,383,407,461
160_arrow_rotatable.jpg,826,825,arrow,354,329,436,399
160_arrow_rotatable.jpg,826,825,arrow,380,259,463,341
160_arrow_rotatable.jpg,826,825,arrow,417,192,506,279
160_arrow_rotatable.jpg,826,825,arrow,435,110,533,208
160_arrow_rotatable.jpg,826,825,arrow,58,587,129,649
160_arrow_rotatable.jpg,826,825,arrow,78,514,163,589
160_arrow_rotatable.jpg,826,825,arrow,121,433,195,499
160_arrow_rotatable.jpg,826,825,arrow,151,378,232,448
160_arrow_rotatable.jpg,826,825,arrow,166,320,247,392
160_arrow_rotatable.jpg,826,825,arrow,191,249,276,320
160_arrow_rotatable.jpg,826,825,arrow,209,180,303,268
160_arrow_rotatable.jpg,826,825,arrow,239,96,347,217
160_arrow_rotatable.jpg,826,825,arrow,258,15,366,137
200_arrow_3.jpg,826,825,arrow,321,509,362,578
200_arrow_3.jpg,826,825,arrow,292,450,380,499
200_arrow_3.jpg,826,825,arrow,293,492,315,545
200_arrow_3.jpg,826,825,arrow,297,379,381,446
200_arrow_3.jpg,826,825,arrow,286,357,352,400
200_arrow_3.jpg,826,825,arrow,242,322,284,372
200_arrow_3.jpg,826,825,arrow,268,516,302,559
160_arrow_1.jpg,800,800,arrow,453,659,554,750
160_arrow_1.jpg,800,800,arrow,474,581,573,668
160_arrow_1.jpg,800,800,arrow,499,526,587,605
160_arrow_1.jpg,800,800,arrow,541,475,614,558
160_arrow_1.jpg,800,800,arrow,573,414,654,491
160_arrow_1.jpg,800,800,arrow,590,362,675,432
160_arrow_1.jpg,800,800,arrow,598,301,691,391
160_arrow_1.jpg,800,800,arrow,601,236,685,310
160_arrow_1.jpg,800,800,arrow,649,179,728,253
160_arrow_1.jpg,800,800,arrow,249,578,339,662
160_arrow_1.jpg,800,800,arrow,276,486,380,579
160_arrow_1.jpg,800,800,arrow,316,420,409,495
160_arrow_1.jpg,800,800,arrow,350,351,438,433
160_arrow_1.jpg,800,800,arrow,374,287,466,368
160_arrow_1.jpg,800,800,arrow,372,251,482,291
160_arrow_1.jpg,800,800,arrow,412,170,496,241
160_arrow_1.jpg,800,800,arrow,431,86,518,159
160_arrow_1.jpg,800,800,arrow,43,500,122,593
160_arrow_1.jpg,800,800,arrow,71,430,147,513
160_arrow_1.jpg,800,800,arrow,110,357,183,451
160_arrow_1.jpg,800,800,arrow,142,304,210,370
160_arrow_1.jpg,800,800,arrow,155,232,227,316
160_arrow_1.jpg,800,800,arrow,153,166,240,247
160_arrow_1.jpg,800,800,arrow,179,84,269,164
320_arrow_3.jpg,826,825,arrow,525,363,601,433
320_arrow_3.jpg,826,825,arrow,454,399,557,495
320_arrow_3.jpg,826,825,arrow,536,425,590,476
320_arrow_3.jpg,826,825,arrow,414,447,483,505
320_arrow_3.jpg,826,825,arrow,394,492,450,538
320_arrow_3.jpg,826,825,arrow,394,549,454,604
320_arrow_3.jpg,826,825,arrow,569,436,607,470
20_arrow_3.jpg,826,825,arrow,464,251,499,309
20_arrow_3.jpg,826,825,arrow,457,329,523,373
20_arrow_3.jpg,826,825,arrow,503,280,550,335
20_arrow_3.jpg,826,825,arrow,462,390,527,428
20_arrow_3.jpg,826,825,arrow,473,434,540,485
20_arrow_3.jpg,826,825,arrow,542,450,575,503
20_arrow_3.jpg,826,825,arrow,515,266,554,312
20_arrow_rotatable.jpg,826,825,arrow,101,169,173,230
20_arrow_rotatable.jpg,826,825,arrow,130,215,210,286
20_arrow_rotatable.jpg,826,825,arrow,148,278,209,340
20_arrow_rotatable.jpg,826,825,arrow,158,338,234,406
20_arrow_rotatable.jpg,826,825,arrow,180,388,257,457
20_arrow_rotatable.jpg,826,825,arrow,200,440,280,506
20_arrow_rotatable.jpg,826,825,arrow,229,505,314,590
20_arrow_rotatable.jpg,826,825,arrow,253,566,328,649
20_arrow_rotatable.jpg,826,825,arrow,267,635,342,730
20_arrow_rotatable.jpg,826,825,arrow,306,90,366,152
20_arrow_rotatable.jpg,826,825,arrow,321,160,398,229
20_arrow_rotatable.jpg,826,825,arrow,342,237,417,303
20_arrow_rotatable.jpg,826,825,arrow,356,292,435,362
20_arrow_rotatable.jpg,826,825,arrow,401,340,475,418
20_arrow_rotatable.jpg,826,825,arrow,415,404,498,474
20_arrow_rotatable.jpg,826,825,arrow,436,464,518,546
20_arrow_rotatable.jpg,826,825,arrow,443,536,532,623
20_arrow_rotatable.jpg,826,825,arrow,470,604,569,702
20_arrow_rotatable.jpg,826,825,arrow,489,19,559,82
20_arrow_rotatable.jpg,826,825,arrow,504,82,588,156
20_arrow_rotatable.jpg,826,825,arrow,536,176,609,241
20_arrow_rotatable.jpg,826,825,arrow,540,235,621,306
20_arrow_rotatable.jpg,826,825,arrow,565,288,646,360
20_arrow_rotatable.jpg,826,825,arrow,589,360,673,431
20_arrow_rotatable.jpg,826,825,arrow,606,413,700,501
20_arrow_rotatable.jpg,826,825,arrow,613,472,721,593
20_arrow_rotatable.jpg,826,825,arrow,651,545,759,667
320_arrow_rotatable.jpg,826,825,arrow,430,44,488,92
320_arrow_rotatable.jpg,826,825,arrow,399,95,464,149
320_arrow_rotatable.jpg,826,825,arrow,360,138,410,180
320_arrow_rotatable.jpg,826,825,arrow,308,179,370,231
320_arrow_rotatable.jpg,826,825,arrow,275,223,338,276
320_arrow_rotatable.jpg,826,825,arrow,241,267,306,321
320_arrow_rotatable.jpg,826,825,arrow,190,329,259,387
320_arrow_rotatable.jpg,826,825,arrow,152,352,212,458
320_arrow_rotatable.jpg,826,825,arrow,60,395,189,514
320_arrow_rotatable.jpg,826,825,arrow,602,180,651,222
320_arrow_rotatable.jpg,826,825,arrow,543,232,606,284
320_arrow_rotatable.jpg,826,825,arrow,489,288,550,339
320_arrow_rotatable.jpg,826,825,arrow,445,328,510,382
320_arrow_rotatable.jpg,826,825,arrow,424,367,485,469
320_arrow_rotatable.jpg,826,825,arrow,377,436,445,492
320_arrow_rotatable.jpg,826,825,arrow,331,487,398,543
320_arrow_rotatable.jpg,826,825,arrow,269,531,341,592
320_arrow_rotatable.jpg,826,825,arrow,217,592,298,660
320_arrow_rotatable.jpg,826,825,arrow,753,304,810,352
320_arrow_rotatable.jpg,826,825,arrow,699,353,768,411
320_arrow_rotatable.jpg,826,825,arrow,639,424,699,474
320_arrow_rotatable.jpg,826,825,arrow,586,459,653,515
320_arrow_rotatable.jpg,826,825,arrow,553,508,619,564
320_arrow_rotatable.jpg,826,825,arrow,502,565,571,623
320_arrow_rotatable.jpg,826,825,arrow,456,611,533,676
320_arrow_rotatable.jpg,826,825,arrow,392,616,480,772
320_arrow_rotatable.jpg,826,825,arrow,347,685,435,841
80_arrow_3.jpg,826,825,arrow,299,247,349,332
80_arrow_3.jpg,826,825,arrow,361,285,429,343
80_arrow_3.jpg,826,825,arrow,351,232,388,294
80_arrow_3.jpg,826,825,arrow,422,305,475,394
80_arrow_3.jpg,826,825,arrow,472,317,519,388
80_arrow_3.jpg,826,825,arrow,528,286,568,354
80_arrow_3.jpg,826,825,arrow,347,219,372,261
80_arrow_rotatable.jpg,826,825,arrow,66,507,114,582
80_arrow_rotatable.jpg,826,825,arrow,123,499,179,583
80_arrow_rotatable.jpg,826,825,arrow,181,531,231,595
80_arrow_rotatable.jpg,826,825,arrow,241,539,296,619
80_arrow_rotatable.jpg,826,825,arrow,296,545,351,626
80_arrow_rotatable.jpg,826,825,arrow,353,550,404,633
80_arrow_rotatable.jpg,826,825,arrow,424,558,494,646
80_arrow_rotatable.jpg,826,825,arrow,486,577,555,654
80_arrow_rotatable.jpg,826,825,arrow,551,601,633,680
80_arrow_rotatable.jpg,826,825,arrow,96,301,147,364
80_arrow_rotatable.jpg,826,825,arrow,169,308,224,389
80_arrow_rotatable.jpg,826,825,arrow,246,330,299,408
80_arrow_rotatable.jpg,826,825,arrow,302,343,357,426
80_arrow_rotatable.jpg,826,825,arrow,363,334,428,412
80_arrow_rotatable.jpg,826,825,arrow,429,344,485,431
80_arrow_rotatable.jpg,826,825,arrow,491,359,558,446
80_arrow_rotatable.jpg,826,825,arrow,559,384,630,477
80_arrow_rotatable.jpg,826,825,arrow,634,388,714,491
80_arrow_rotatable.jpg,826,825,arrow,129,98,179,171
80_arrow_rotatable.jpg,826,825,arrow,195,105,255,194
80_arrow_rotatable.jpg,826,825,arrow,289,133,342,210
80_arrow_rotatable.jpg,826,825,arrow,345,153,401,238
80_arrow_rotatable.jpg,826,825,arrow,404,158,461,243
80_arrow_rotatable.jpg,826,825,arrow,479,170,535,259
80_arrow_rotatable.jpg,826,825,arrow,535,177,607,275
80_arrow_rotatable.jpg,826,825,arrow,593,195,695,308
80_arrow_rotatable.jpg,826,825,arrow,675,199,777,312
80_arrow_1.jpg,800,800,arrow,81,502,154,608
80_arrow_1.jpg,800,800,arrow,165,509,234,612
80_arrow_1.jpg,800,800,arrow,229,524,292,615
80_arrow_1.jpg,800,800,arrow,280,556,351,633
80_arrow_1.jpg,800,800,arrow,353,577,416,662
80_arrow_1.jpg,800,800,arrow,415,584,470,673
80_arrow_1.jpg,800,800,arrow,458,582,531,680
80_arrow_1.jpg,800,800,arrow,536,573,596,661
80_arrow_1.jpg,800,800,arrow,600,611,660,694
80_arrow_1.jpg,800,800,arrow,131,286,198,381
80_arrow_1.jpg,800,800,arrow,219,298,294,407
80_arrow_1.jpg,800,800,arrow,307,325,365,422
80_arrow_1.jpg,800,800,arrow,373,346,439,439
80_arrow_1.jpg,800,800,arrow,442,359,506,456
80_arrow_1.jpg,800,800,arrow,501,346,561,461
80_arrow_1.jpg,800,800,arrow,572,375,628,464
80_arrow_1.jpg,800,800,arrow,657,379,714,471
80_arrow_1.jpg,800,800,arrow,160,71,239,155
80_arrow_1.jpg,800,800,arrow,243,86,313,166
80_arrow_1.jpg,800,800,arrow,311,113,391,190
80_arrow_1.jpg,800,800,arrow,395,132,449,204
80_arrow_1.jpg,800,800,arrow,452,135,523,210
80_arrow_1.jpg,800,800,arrow,521,121,587,212
80_arrow_1.jpg,800,800,arrow,608,132,673,226
0_arrow_1.jpg,800,800,arrow,143,122,252,176
0_arrow_1.jpg,800,800,arrow,154,205,259,256
0_arrow_1.jpg,800,800,arrow,162,269,254,316
0_arrow_1.jpg,800,800,arrow,154,322,232,379
0_arrow_1.jpg,800,800,arrow,138,398,224,447
0_arrow_1.jpg,800,800,arrow,137,462,227,502
0_arrow_1.jpg,800,800,arrow,139,506,237,562
0_arrow_1.jpg,800,800,arrow,170,580,259,624
0_arrow_1.jpg,800,800,arrow,148,648,233,693
0_arrow_1.jpg,800,800,arrow,375,131,472,182
0_arrow_1.jpg,800,800,arrow,366,223,477,278
0_arrow_1.jpg,800,800,arrow,365,312,464,353
0_arrow_1.jpg,800,800,arrow,361,380,455,430
0_arrow_1.jpg,800,800,arrow,356,451,453,498
0_arrow_1.jpg,800,800,arrow,360,510,476,550
0_arrow_1.jpg,800,800,arrow,370,581,459,621
0_arrow_1.jpg,800,800,arrow,378,665,470,706
0_arrow_1.jpg,800,800,arrow,605,120,690,185
0_arrow_1.jpg,800,800,arrow,608,205,689,261
0_arrow_1.jpg,800,800,arrow,597,275,675,342
0_arrow_1.jpg,800,800,arrow,595,361,668,402
0_arrow_1.jpg,800,800,arrow,601,418,677,476
0_arrow_1.jpg,800,800,arrow,610,487,703,537
0_arrow_1.jpg,800,800,arrow,610,575,706,623
120_arrow_rotatable.jpg,826,825,arrow,231,687,269,753
120_arrow_rotatable.jpg,826,825,arrow,273,642,316,716
120_arrow_rotatable.jpg,826,825,arrow,315,632,386,688
120_arrow_rotatable.jpg,826,825,arrow,369,597,450,667
120_arrow_rotatable.jpg,826,825,arrow,435,566,476,637
120_arrow_rotatable.jpg,826,825,arrow,480,534,523,608
120_arrow_rotatable.jpg,826,825,arrow,520,489,619,567
120_arrow_rotatable.jpg,826,825,arrow,578,464,673,532
120_arrow_rotatable.jpg,826,825,arrow,643,437,751,506
120_arrow_rotatable.jpg,826,825,arrow,102,510,174,566
120_arrow_rotatable.jpg,826,825,arrow,186,466,227,537
120_arrow_rotatable.jpg,826,825,arrow,257,434,297,504
120_arrow_rotatable.jpg,826,825,arrow,310,407,352,480
120_arrow_rotatable.jpg,826,825,arrow,329,359,419,427
120_arrow_rotatable.jpg,826,825,arrow,408,326,452,402
120_arrow_rotatable.jpg,826,825,arrow,444,294,540,371
120_arrow_rotatable.jpg,826,825,arrow,512,268,615,350
120_arrow_rotatable.jpg,826,825,arrow,573,219,688,310
120_arrow_rotatable.jpg,826,825,arrow,17,333,55,398
120_arrow_rotatable.jpg,826,825,arrow,77,292,122,370
120_arrow_rotatable.jpg,826,825,arrow,164,256,203,324
120_arrow_rotatable.jpg,826,825,arrow,221,234,264,309
120_arrow_rotatable.jpg,826,825,arrow,270,200,313,274
120_arrow_rotatable.jpg,826,825,arrow,335,161,380,239
120_arrow_rotatable.jpg,826,825,arrow,362,124,466,211
120_arrow_rotatable.jpg,826,825,arrow,416,90,555,190
120_arrow_rotatable.jpg,826,825,arrow,482,41,621,140
0_arrow_3.jpg,826,825,arrow,510,283,540,343
0_arrow_3.jpg,826,825,arrow,501,350,536,408
0_arrow_3.jpg,826,825,arrow,537,329,562,380
0_arrow_3.jpg,826,825,arrow,436,419,526,456
0_arrow_3.jpg,826,825,arrow,450,467,522,502
0_arrow_3.jpg,826,825,arrow,514,496,542,555
0_arrow_3.jpg,826,825,arrow,563,320,581,365
180_arrow_rotatable.jpg,826,825,arrow,560,689,636,724
180_arrow_rotatable.jpg,826,825,arrow,541,627,626,668
180_arrow_rotatable.jpg,826,825,arrow,563,570,629,609
180_arrow_rotatable.jpg,826,825,arrow,561,504,642,545
180_arrow_rotatable.jpg,826,825,arrow,557,449,639,490
180_arrow_rotatable.jpg,826,825,arrow,552,396,637,433
180_arrow_rotatable.jpg,826,825,arrow,546,307,636,361
180_arrow_rotatable.jpg,826,825,arrow,554,242,633,299
180_arrow_rotatable.jpg,826,825,arrow,566,161,646,230
180_arrow_rotatable.jpg,826,825,arrow,352,693,416,733
180_arrow_rotatable.jpg,826,825,arrow,345,615,427,656
180_arrow_rotatable.jpg,826,825,arrow,354,538,434,577
180_arrow_rotatable.jpg,826,825,arrow,357,478,441,519
180_arrow_rotatable.jpg,826,825,arrow,337,410,416,461
180_arrow_rotatable.jpg,826,825,arrow,336,353,424,393
180_arrow_rotatable.jpg,826,825,arrow,339,278,427,330
180_arrow_rotatable.jpg,826,825,arrow,351,202,445,257
180_arrow_rotatable.jpg,826,825,arrow,341,118,445,181
180_arrow_rotatable.jpg,826,825,arrow,146,696,220,733
180_arrow_rotatable.jpg,826,825,arrow,140,621,231,665
180_arrow_rotatable.jpg,826,825,arrow,152,530,231,569
180_arrow_rotatable.jpg,826,825,arrow,162,468,249,509
180_arrow_rotatable.jpg,826,825,arrow,157,408,243,451
180_arrow_rotatable.jpg,826,825,arrow,156,334,246,374
180_arrow_rotatable.jpg,826,825,arrow,151,261,251,315
180_arrow_rotatable.jpg,826,825,arrow,156,171,270,254
180_arrow_rotatable.jpg,826,825,arrow,146,89,261,171
200_arrow_rotatable.jpg,826,825,arrow,651,595,723,656
200_arrow_rotatable.jpg,826,825,arrow,614,539,694,610
200_arrow_rotatable.jpg,826,825,arrow,615,485,676,547
200_arrow_rotatable.jpg,826,825,arrow,590,419,666,487
200_arrow_rotatable.jpg,826,825,arrow,567,368,644,437
200_arrow_rotatable.jpg,826,825,arrow,544,319,624,385
200_arrow_rotatable.jpg,826,825,arrow,510,235,595,320
200_arrow_rotatable.jpg,826,825,arrow,496,176,571,259
200_arrow_rotatable.jpg,826,825,arrow,482,95,557,190
200_arrow_rotatable.jpg,826,825,arrow,458,673,518,735
200_arrow_rotatable.jpg,826,825,arrow,426,596,503,665
200_arrow_rotatable.jpg,826,825,arrow,407,522,482,588
200_arrow_rotatable.jpg,826,825,arrow,389,463,468,533
200_arrow_rotatable.jpg,826,825,arrow,349,407,423,485
200_arrow_rotatable.jpg,826,825,arrow,326,351,409,421
200_arrow_rotatable.jpg,826,825,arrow,306,279,388,361
200_arrow_rotatable.jpg,826,825,arrow,292,202,381,289
200_arrow_rotatable.jpg,826,825,arrow,255,123,354,221
200_arrow_rotatable.jpg,826,825,arrow,265,743,335,806
200_arrow_rotatable.jpg,826,825,arrow,236,669,320,743
200_arrow_rotatable.jpg,826,825,arrow,215,584,288,649
200_arrow_rotatable.jpg,826,825,arrow,203,519,284,590
200_arrow_rotatable.jpg,826,825,arrow,178,465,259,537
200_arrow_rotatable.jpg,826,825,arrow,151,394,235,465
200_arrow_rotatable.jpg,826,825,arrow,124,324,218,412
200_arrow_rotatable.jpg,826,825,arrow,103,232,211,353
200_arrow_rotatable.jpg,826,825,arrow,65,158,173,280
180_arrow_1.jpg,800,800,arrow,548,624,655,678
180_arrow_1.jpg,800,800,arrow,541,543,646,594
180_arrow_1.jpg,800,800,arrow,545,483,638,530
180_arrow_1.jpg,800,800,arrow,568,420,646,477
180_arrow_1.jpg,800,800,arrow,576,353,662,401
180_arrow_1.jpg,800,800,arrow,572,297,663,337
180_arrow_1.jpg,800,800,arrow,562,238,661,294
180_arrow_1.jpg,800,800,arrow,541,175,630,220
180_arrow_1.jpg,800,800,arrow,567,106,651,151
180_arrow_1.jpg,800,800,arrow,328,617,424,668
180_arrow_1.jpg,800,800,arrow,322,521,433,576
180_arrow_1.jpg,800,800,arrow,336,446,435,487
180_arrow_1.jpg,800,800,arrow,345,369,439,420
180_arrow_1.jpg,800,800,arrow,346,301,444,348
180_arrow_1.jpg,800,800,arrow,323,250,439,290
180_arrow_1.jpg,800,800,arrow,340,178,430,219
180_arrow_1.jpg,800,800,arrow,329,93,422,134
180_arrow_1.jpg,800,800,arrow,110,615,195,679
180_arrow_1.jpg,800,800,arrow,110,539,192,595
180_arrow_1.jpg,800,800,arrow,125,457,202,524
180_arrow_1.jpg,800,800,arrow,132,397,204,438
180_arrow_1.jpg,800,800,arrow,123,324,198,382
180_arrow_1.jpg,800,800,arrow,97,262,190,312
180_arrow_1.jpg,800,800,arrow,93,176,189,225
320_arrow_1.jpg,800,800,arrow,365,43,447,112
320_arrow_1.jpg,800,800,arrow,320,112,400,179
320_arrow_1.jpg,800,800,arrow,286,165,357,224
320_arrow_1.jpg,800,800,arrow,243,175,302,282
320_arrow_1.jpg,800,800,arrow,184,249,250,304
320_arrow_1.jpg,800,800,arrow,145,293,214,351
320_arrow_1.jpg,800,800,arrow,113,334,189,398
320_arrow_1.jpg,800,800,arrow,93,406,162,464
320_arrow_1.jpg,800,800,arrow,33,446,97,500
320_arrow_1.jpg,800,800,arrow,537,198,611,260
320_arrow_1.jpg,800,800,arrow,469,264,554,335
320_arrow_1.jpg,800,800,arrow,416,326,492,389
320_arrow_1.jpg,800,800,arrow,366,378,438,439
320_arrow_1.jpg,800,800,arrow,318,429,393,492
320_arrow_1.jpg,800,800,arrow,285,473,375,549
320_arrow_1.jpg,800,800,arrow,247,534,316,592
320_arrow_1.jpg,800,800,arrow,199,604,270,664
320_arrow_1.jpg,800,800,arrow,715,310,780,429
320_arrow_1.jpg,800,800,arrow,666,377,728,485
320_arrow_1.jpg,800,800,arrow,575,423,702,540
320_arrow_1.jpg,800,800,arrow,560,511,616,558
320_arrow_1.jpg,800,800,arrow,523,536,581,643
320_arrow_1.jpg,800,800,arrow,488,620,560,680
320_arrow_1.jpg,800,800,arrow,433,688,515,747
260_arrow_rotatable.jpg,826,825,arrow,710,243,758,318
260_arrow_rotatable.jpg,826,825,arrow,645,242,701,326
260_arrow_rotatable.jpg,826,825,arrow,593,230,643,294
260_arrow_rotatable.jpg,826,825,arrow,528,206,583,286
260_arrow_rotatable.jpg,826,825,arrow,473,199,528,280
260_arrow_rotatable.jpg,826,825,arrow,420,192,471,275
260_arrow_rotatable.jpg,826,825,arrow,330,179,400,267
260_arrow_rotatable.jpg,826,825,arrow,269,171,338,248
260_arrow_rotatable.jpg,826,825,arrow,191,145,273,224
260_arrow_rotatable.jpg,826,825,arrow,677,461,728,524
260_arrow_rotatable.jpg,826,825,arrow,600,436,655,517
260_arrow_rotatable.jpg,826,825,arrow,525,417,578,495
260_arrow_rotatable.jpg,826,825,arrow,467,399,522,482
260_arrow_rotatable.jpg,826,825,arrow,396,413,461,491
260_arrow_rotatable.jpg,826,825,arrow,339,394,395,481
260_arrow_rotatable.jpg,826,825,arrow,266,379,333,466
260_arrow_rotatable.jpg,826,825,arrow,194,348,265,441
260_arrow_rotatable.jpg,826,825,arrow,110,334,190,437
260_arrow_rotatable.jpg,826,825,arrow,645,654,695,727
260_arrow_rotatable.jpg,826,825,arrow,569,631,629,720
260_arrow_rotatable.jpg,826,825,arrow,482,615,535,692
260_arrow_rotatable.jpg,826,825,arrow,423,587,479,672
260_arrow_rotatable.jpg,826,825,arrow,363,582,420,667
260_arrow_rotatable.jpg,826,825,arrow,289,566,345,655
260_arrow_rotatable.jpg,826,825,arrow,217,550,289,648
260_arrow_rotatable.jpg,826,825,arrow,129,517,231,630
260_arrow_rotatable.jpg,826,825,arrow,47,513,149,626
140_arrow_rotatable.jpg,826,825,arrow,336,733,394,781
140_arrow_rotatable.jpg,826,825,arrow,360,676,425,730
140_arrow_rotatable.jpg,826,825,arrow,414,645,464,687
140_arrow_rotatable.jpg,826,825,arrow,454,594,516,646
140_arrow_rotatable.jpg,826,825,arrow,486,549,549,602
140_arrow_rotatable.jpg,826,825,arrow,518,504,583,558
140_arrow_rotatable.jpg,826,825,arrow,565,438,634,496
140_arrow_rotatable.jpg,826,825,arrow,612,367,672,473
140_arrow_rotatable.jpg,826,825,arrow,635,311,764,430
140_arrow_rotatable.jpg,826,825,arrow,173,603,222,645
140_arrow_rotatable.jpg,826,825,arrow,218,541,281,593
140_arrow_rotatable.jpg,826,825,arrow,274,486,335,537
140_arrow_rotatable.jpg,826,825,arrow,314,443,379,497
140_arrow_rotatable.jpg,826,825,arrow,339,356,400,458
140_arrow_rotatable.jpg,826,825,arrow,379,333,447,389
140_arrow_rotatable.jpg,826,825,arrow,426,282,493,338
140_arrow_rotatable.jpg,826,825,arrow,483,233,555,294
140_arrow_rotatable.jpg,826,825,arrow,526,165,607,233
140_arrow_rotatable.jpg,826,825,arrow,14,473,71,521
140_arrow_rotatable.jpg,826,825,arrow,56,414,125,472
140_arrow_rotatable.jpg,826,825,arrow,125,351,185,401
140_arrow_rotatable.jpg,826,825,arrow,171,310,238,366
140_arrow_rotatable.jpg,826,825,arrow,205,261,271,317
140_arrow_rotatable.jpg,826,825,arrow,253,202,322,260
140_arrow_rotatable.jpg,826,825,arrow,291,149,368,214
140_arrow_rotatable.jpg,826,825,arrow,344,53,432,209
140_arrow_rotatable.jpg,826,825,arrow,389,-15,477,140
180_arrow_3.jpg,826,825,arrow,284,499,327,542
180_arrow_3.jpg,826,825,arrow,289,418,348,476
180_arrow_3.jpg,826,825,arrow,257,465,288,496
180_arrow_3.jpg,826,825,arrow,299,369,389,406
180_arrow_3.jpg,826,825,arrow,303,323,375,358
180_arrow_3.jpg,826,825,arrow,281,278,315,312
180_arrow_3.jpg,826,825,arrow,240,484,262,505
280_arrow_3.jpg,826,825,arrow,512,455,562,541
280_arrow_3.jpg,826,825,arrow,428,470,496,528
280_arrow_3.jpg,826,825,arrow,485,508,521,569
280_arrow_3.jpg,826,825,arrow,373,440,426,529
280_arrow_3.jpg,826,825,arrow,330,462,378,533
280_arrow_3.jpg,826,825,arrow,296,512,336,579
280_arrow_3.jpg,826,825,arrow,508,536,533,578
40_arrow_rotatable.jpg,826,825,arrow,52,282,110,331
40_arrow_rotatable.jpg,826,825,arrow,97,316,162,370
40_arrow_rotatable.jpg,826,825,arrow,132,374,182,416
40_arrow_rotatable.jpg,826,825,arrow,164,422,226,474
40_arrow_rotatable.jpg,826,825,arrow,202,462,265,514
40_arrow_rotatable.jpg,826,825,arrow,239,501,304,555
40_arrow_rotatable.jpg,826,825,arrow,292,559,361,617
40_arrow_rotatable.jpg,826,825,arrow,334,584,395,691
40_arrow_rotatable.jpg,826,825,arrow,339,643,468,763
40_arrow_rotatable.jpg,826,825,arrow,216,144,266,185
40_arrow_rotatable.jpg,826,825,arrow,257,199,320,252
40_arrow_rotatable.jpg,826,825,arrow,302,264,364,315
40_arrow_rotatable.jpg,826,825,arrow,335,311,399,365
40_arrow_rotatable.jpg,826,825,arrow,395,321,455,423
40_arrow_rotatable.jpg,826,825,arrow,429,394,496,451
40_arrow_rotatable.jpg,826,825,arrow,471,449,538,505
40_arrow_rotatable.jpg,826,825,arrow,504,513,577,574
40_arrow_rotatable.jpg,826,825,arrow,555,568,636,636
40_arrow_rotatable.jpg,826,825,arrow,365,10,422,58
40_arrow_rotatable.jpg,826,825,arrow,403,62,472,120
40_arrow_rotatable.jpg,826,825,arrow,463,141,523,191
40_arrow_rotatable.jpg,826,825,arrow,488,193,555,249
40_arrow_rotatable.jpg,826,825,arrow,531,235,597,291
40_arrow_rotatable.jpg,826,825,arrow,577,293,646,351
40_arrow_rotatable.jpg,826,825,arrow,615,339,692,404
40_arrow_rotatable.jpg,826,825,arrow,649,360,737,516
40_arrow_rotatable.jpg,826,825,arrow,709,416,797,572
280_arrow_1.jpg,800,800,arrow,575,104,648,210
280_arrow_1.jpg,800,800,arrow,498,128,567,231
280_arrow_1.jpg,800,800,arrow,440,147,503,238
280_arrow_1.jpg,800,800,arrow,377,149,447,226
280_arrow_1.jpg,800,800,arrow,307,145,370,230
280_arrow_1.jpg,800,800,arrow,253,155,309,243
280_arrow_1.jpg,800,800,arrow,194,166,267,263
280_arrow_1.jpg,800,800,arrow,139,208,198,296
280_arrow_1.jpg,800,800,arrow,67,199,126,282
280_arrow_1.jpg,800,800,arrow,609,334,677,428
280_arrow_1.jpg,800,800,arrow,513,340,587,449
280_arrow_1.jpg,800,800,arrow,439,353,497,451
280_arrow_1.jpg,800,800,arrow,363,362,429,455
280_arrow_1.jpg,800,800,arrow,294,369,359,466
280_arrow_1.jpg,800,800,arrow,245,383,305,498
280_arrow_1.jpg,800,800,arrow,176,405,232,493
280_arrow_1.jpg,800,800,arrow,94,427,151,519
280_arrow_1.jpg,800,800,arrow,646,558,725,642
280_arrow_1.jpg,800,800,arrow,572,575,642,655
280_arrow_1.jpg,800,800,arrow,490,578,570,655
280_arrow_1.jpg,800,800,arrow,431,588,484,660
280_arrow_1.jpg,800,800,arrow,359,606,430,680
280_arrow_1.jpg,800,800,arrow,301,626,367,717
280_arrow_1.jpg,800,800,arrow,216,642,281,736
300_arrow_1.jpg,800,800,arrow,462,52,570,146
300_arrow_1.jpg,800,800,arrow,423,102,475,193
300_arrow_1.jpg,800,800,arrow,350,140,443,220
300_arrow_1.jpg,800,800,arrow,290,162,386,230
300_arrow_1.jpg,800,800,arrow,225,184,316,259
300_arrow_1.jpg,800,800,arrow,197,213,242,291
300_arrow_1.jpg,800,800,arrow,125,240,230,326
300_arrow_1.jpg,800,800,arrow,110,301,154,378
300_arrow_1.jpg,800,800,arrow,17,318,104,390
300_arrow_1.jpg,800,800,arrow,572,257,671,340
300_arrow_1.jpg,800,800,arrow,512,296,567,392
300_arrow_1.jpg,800,800,arrow,440,336,490,421
300_arrow_1.jpg,800,800,arrow,351,368,448,450
300_arrow_1.jpg,800,800,arrow,313,399,362,484
300_arrow_1.jpg,800,800,arrow,267,430,325,531
300_arrow_1.jpg,800,800,arrow,210,474,255,552
300_arrow_1.jpg,800,800,arrow,141,523,187,604
300_arrow_1.jpg,800,800,arrow,684,454,790,527
300_arrow_1.jpg,800,800,arrow,620,496,717,566
300_arrow_1.jpg,800,800,arrow,543,525,649,592
300_arrow_1.jpg,800,800,arrow,492,559,570,623
300_arrow_1.jpg,800,800,arrow,430,597,526,663
300_arrow_1.jpg,800,800,arrow,383,637,479,718
300_arrow_1.jpg,800,800,arrow,333,682,381,765
100_arrow_rotatable.jpg,826,825,arrow,131,609,179,684
100_arrow_rotatable.jpg,826,825,arrow,183,581,238,665
100_arrow_rotatable.jpg,826,825,arrow,244,592,295,656
100_arrow_rotatable.jpg,826,825,arrow,307,578,362,658
100_arrow_rotatable.jpg,826,825,arrow,360,565,416,645
100_arrow_rotatable.jpg,826,825,arrow,416,550,468,634
100_arrow_rotatable.jpg,826,825,arrow,486,530,556,619
100_arrow_rotatable.jpg,826,825,arrow,548,527,618,605
100_arrow_rotatable.jpg,826,825,arrow,618,526,700,605
100_arrow_rotatable.jpg,826,825,arrow,86,405,137,468
100_arrow_rotatable.jpg,826,825,arrow,160,386,216,466
100_arrow_rotatable.jpg,826,825,arrow,240,380,292,459
100_arrow_rotatable.jpg,826,825,arrow,297,373,353,456
100_arrow_rotatable.jpg,826,825,arrow,351,342,415,420
100_arrow_rotatable.jpg,826,825,arrow,418,330,473,417
100_arrow_rotatable.jpg,826,825,arrow,481,321,548,408
100_arrow_rotatable.jpg,826,825,arrow,554,320,626,414
100_arrow_rotatable.jpg,826,825,arrow,628,296,708,400
100_arrow_rotatable.jpg,826,825,arrow,50,202,100,276
100_arrow_rotatable.jpg,826,825,arrow,116,185,176,274
100_arrow_rotatable.jpg,826,825,arrow,213,181,265,258
100_arrow_rotatable.jpg,826,825,arrow,273,179,329,265
100_arrow_rotatable.jpg,826,825,arrow,330,164,387,249
100_arrow_rotatable.jpg,826,825,arrow,406,150,461,238
100_arrow_rotatable.jpg,826,825,arrow,462,133,533,232
100_arrow_rotatable.jpg,826,825,arrow,523,125,625,238
100_arrow_rotatable.jpg,826,825,arrow,602,101,704,214
280_arrow_rotatable.jpg,826,825,arrow,645,141,693,216
280_arrow_rotatable.jpg,826,825,arrow,586,160,641,244
280_arrow_rotatable.jpg,826,825,arrow,529,169,580,233
280_arrow_rotatable.jpg,826,825,arrow,462,167,517,247
280_arrow_rotatable.jpg,826,825,arrow,408,180,464,260
280_arrow_rotatable.jpg,826,825,arrow,356,191,408,275
280_arrow_rotatable.jpg,826,825,arrow,268,206,338,295
280_arrow_rotatable.jpg,826,825,arrow,206,220,276,298
280_arrow_rotatable.jpg,826,825,arrow,124,220,206,299
280_arrow_rotatable.jpg,826,825,arrow,687,357,738,420
280_arrow_rotatable.jpg,826,825,arrow,608,359,664,439
280_arrow_rotatable.jpg,826,825,arrow,532,366,584,445
280_arrow_rotatable.jpg,826,825,arrow,471,369,527,452
280_arrow_rotatable.jpg,826,825,arrow,409,405,473,483
280_arrow_rotatable.jpg,826,825,arrow,351,408,406,495
280_arrow_rotatable.jpg,826,825,arrow,276,417,343,504
280_arrow_rotatable.jpg,826,825,arrow,198,411,270,505
280_arrow_rotatable.jpg,826,825,arrow,116,425,196,529
280_arrow_rotatable.jpg,826,825,arrow,724,549,774,623
280_arrow_rotatable.jpg,826,825,arrow,648,551,708,640
280_arrow_rotatable.jpg,826,825,arrow,559,567,611,644
280_arrow_rotatable.jpg,826,825,arrow,495,560,551,646
280_arrow_rotatable.jpg,826,825,arrow,437,576,494,661
280_arrow_rotatable.jpg,826,825,arrow,363,587,418,675
280_arrow_rotatable.jpg,826,825,arrow,291,593,362,692
280_arrow_rotatable.jpg,826,825,arrow,199,587,301,700
280_arrow_rotatable.jpg,826,825,arrow,120,611,222,724
220_arrow_1.jpg,800,800,arrow,674,427,757,497
220_arrow_1.jpg,800,800,arrow,616,371,697,438
220_arrow_1.jpg,800,800,arrow,579,328,651,388
220_arrow_1.jpg,800,800,arrow,560,250,619,358
220_arrow_1.jpg,800,800,arrow,520,213,585,269
220_arrow_1.jpg,800,800,arrow,479,168,548,225
220_arrow_1.jpg,800,800,arrow,437,129,513,193
220_arrow_1.jpg,800,800,arrow,378,97,446,154
220_arrow_1.jpg,800,800,arrow,353,31,418,85
220_arrow_1.jpg,800,800,arrow,501,570,574,632
220_arrow_1.jpg,800,800,arrow,436,492,521,563
220_arrow_1.jpg,800,800,arrow,394,428,469,492
220_arrow_1.jpg,800,800,arrow,354,371,426,431
220_arrow_1.jpg,800,800,arrow,310,314,385,377
220_arrow_1.jpg,800,800,arrow,257,274,347,349
220_arrow_1.jpg,800,800,arrow,224,226,293,284
220_arrow_1.jpg,800,800,arrow,161,166,233,226
220_arrow_1.jpg,800,800,arrow,336,688,401,807
220_arrow_1.jpg,800,800,arrow,285,633,348,741
220_arrow_1.jpg,800,800,arrow,214,562,341,679
220_arrow_1.jpg,800,800,arrow,206,539,262,586
220_arrow_1.jpg,800,800,arrow,157,464,215,571
220_arrow_1.jpg,800,800,arrow,95,449,167,508
220_arrow_1.jpg,800,800,arrow,36,383,110,444
140_arrow_3.jpg,826,825,arrow,246,391,287,464
140_arrow_3.jpg,826,825,arrow,296,333,341,425
140_arrow_3.jpg,826,825,arrow,234,349,289,380
140_arrow_3.jpg,826,825,arrow,341,320,410,378
140_arrow_3.jpg,826,825,arrow,374,287,430,333
140_arrow_3.jpg,826,825,arrow,370,221,430,276
140_arrow_3.jpg,826,825,arrow,217,344,262,389
220_arrow_rotatable.jpg,826,825,arrow,714,494,772,543
220_arrow_rotatable.jpg,826,825,arrow,662,455,727,509
220_arrow_rotatable.jpg,826,825,arrow,642,409,692,451
220_arrow_rotatable.jpg,826,825,arrow,598,351,660,403
220_arrow_rotatable.jpg,826,825,arrow,559,311,622,363
220_arrow_rotatable.jpg,826,825,arrow,520,270,585,324
220_arrow_rotatable.jpg,826,825,arrow,463,208,532,266
220_arrow_rotatable.jpg,826,825,arrow,429,134,490,241
220_arrow_rotatable.jpg,826,825,arrow,356,62,485,182
220_arrow_rotatable.jpg,826,825,arrow,558,640,608,681
220_arrow_rotatable.jpg,826,825,arrow,504,573,567,626
220_arrow_rotatable.jpg,826,825,arrow,460,510,522,561
220_arrow_rotatable.jpg,826,825,arrow,425,460,489,514
220_arrow_rotatable.jpg,826,825,arrow,369,402,429,504
220_arrow_rotatable.jpg,826,825,arrow,328,374,395,431
220_arrow_rotatable.jpg,826,825,arrow,286,320,353,376
220_arrow_rotatable.jpg,826,825,arrow,247,251,320,312
220_arrow_rotatable.jpg,826,825,arrow,188,189,269,257
220_arrow_rotatable.jpg,826,825,arrow,402,767,459,815
220_arrow_rotatable.jpg,826,825,arrow,352,705,421,763
220_arrow_rotatable.jpg,826,825,arrow,301,634,361,684
220_arrow_rotatable.jpg,826,825,arrow,269,576,336,632
220_arrow_rotatable.jpg,826,825,arrow,227,534,293,590
220_arrow_rotatable.jpg,826,825,arrow,178,474,247,532
220_arrow_rotatable.jpg,826,825,arrow,132,421,209,486
220_arrow_rotatable.jpg,826,825,arrow,87,309,175,465
220_arrow_rotatable.jpg,826,825,arrow,27,253,115,409
140_arrow_1.jpg,800,800,arrow,352,687,434,756
140_arrow_1.jpg,800,800,arrow,399,620,479,687
140_arrow_1.jpg,800,800,arrow,442,575,513,634
140_arrow_1.jpg,800,800,arrow,497,517,556,624
140_arrow_1.jpg,800,800,arrow,549,495,615,550
140_arrow_1.jpg,800,800,arrow,585,448,654,506
140_arrow_1.jpg,800,800,arrow,610,401,686,465
140_arrow_1.jpg,800,800,arrow,637,335,706,393
140_arrow_1.jpg,800,800,arrow,702,299,766,353
140_arrow_1.jpg,800,800,arrow,188,539,262,601
140_arrow_1.jpg,800,800,arrow,245,464,330,535
140_arrow_1.jpg,800,800,arrow,307,410,383,473
140_arrow_1.jpg,800,800,arrow,361,360,433,421
140_arrow_1.jpg,800,800,arrow,406,307,481,370
140_arrow_1.jpg,800,800,arrow,424,250,514,326
140_arrow_1.jpg,800,800,arrow,483,207,552,265
140_arrow_1.jpg,800,800,arrow,529,135,600,195
140_arrow_1.jpg,800,800,arrow,19,370,84,489
140_arrow_1.jpg,800,800,arrow,71,314,133,422
140_arrow_1.jpg,800,800,arrow,97,259,224,376
140_arrow_1.jpg,800,800,arrow,183,241,239,288
140_arrow_1.jpg,800,800,arrow,218,156,276,263
140_arrow_1.jpg,800,800,arrow,239,119,311,179
140_arrow_1.jpg,800,800,arrow,292,50,366,111
220_arrow_3.jpg,826,825,arrow,362,528,438,599
220_arrow_3.jpg,826,825,arrow,310,451,413,547
220_arrow_3.jpg,826,825,arrow,321,529,376,580
220_arrow_3.jpg,826,825,arrow,309,408,378,466
220_arrow_3.jpg,826,825,arrow,282,381,337,428
220_arrow_3.jpg,826,825,arrow,218,368,278,424
220_arrow_3.jpg,826,825,arrow,323,562,360,596
300_arrow_3.jpg,826,825,arrow,526,410,591,490
300_arrow_3.jpg,826,825,arrow,445,422,532,531
300_arrow_3.jpg,826,825,arrow,518,471,564,529
300_arrow_3.jpg,826,825,arrow,402,445,447,523
300_arrow_3.jpg,826,825,arrow,368,481,404,543
300_arrow_3.jpg,826,825,arrow,342,539,393,602
300_arrow_3.jpg,826,825,arrow,548,491,579,531
240_arrow_1.jpg,800,800,arrow,691,303,745,397
240_arrow_1.jpg,800,800,arrow,616,271,669,362
240_arrow_1.jpg,800,800,arrow,541,247,635,327
240_arrow_1.jpg,800,800,arrow,497,211,593,279
240_arrow_1.jpg,800,800,arrow,444,161,535,236
240_arrow_1.jpg,800,800,arrow,415,131,460,209
240_arrow_1.jpg,800,800,arrow,336,106,442,192
240_arrow_1.jpg,800,800,arrow,295,99,340,176
240_arrow_1.jpg,800,800,arrow,226,47,313,119
240_arrow_1.jpg,800,800,arrow,548,500,647,583
240_arrow_1.jpg,800,800,arrow,490,445,546,541
240_arrow_1.jpg,800,800,arrow,426,403,475,488
240_arrow_1.jpg,800,800,arrow,343,363,440,445
240_arrow_1.jpg,800,800,arrow,308,324,357,409
240_arrow_1.jpg,800,800,arrow,248,300,307,401
240_arrow_1.jpg,800,800,arrow,195,273,240,351
240_arrow_1.jpg,800,800,arrow,116,237,163,318
240_arrow_1.jpg,800,800,arrow,436,701,543,774
240_arrow_1.jpg,800,800,arrow,372,663,468,733
240_arrow_1.jpg,800,800,arrow,307,616,413,683
240_arrow_1.jpg,800,800,arrow,261,577,338,641
240_arrow_1.jpg,800,800,arrow,191,550,287,616
240_arrow_1.jpg,800,800,arrow,126,525,223,606
240_arrow_1.jpg,800,800,arrow,50,483,146,566
120_arrow_3.jpg,826,825,arrow,233,335,298,415
120_arrow_3.jpg,826,825,arrow,292,294,379,403
120_arrow_3.jpg,826,825,arrow,260,296,306,354
120_arrow_3.jpg,826,825,arrow,377,302,422,380
120_arrow_3.jpg,826,825,arrow,420,282,456,344
120_arrow_3.jpg,826,825,arrow,431,223,482,286
120_arrow_3.jpg,826,825,arrow,245,294,276,334
300_arrow_rotatable.jpg,826,825,arrow,555,72,593,138
300_arrow_rotatable.jpg,826,825,arrow,508,109,551,183
300_arrow_rotatable.jpg,826,825,arrow,438,137,509,193
300_arrow_rotatable.jpg,826,825,arrow,374,158,455,228
300_arrow_rotatable.jpg,826,825,arrow,348,188,389,259
300_arrow_rotatable.jpg,826,825,arrow,301,217,344,291
300_arrow_rotatable.jpg,826,825,arrow,205,258,304,336
300_arrow_rotatable.jpg,826,825,arrow,151,293,246,361
300_arrow_rotatable.jpg,826,825,arrow,73,319,181,388
300_arrow_rotatable.jpg,826,825,arrow,650,259,722,315
300_arrow_rotatable.jpg,826,825,arrow,577,288,659,359
300_arrow_rotatable.jpg,826,825,arrow,527,321,567,391
300_arrow_rotatable.jpg,826,825,arrow,472,345,514,418
300_arrow_rotatable.jpg,826,825,arrow,405,398,495,466
300_arrow_rotatable.jpg,826,825,arrow,372,423,416,499
300_arrow_rotatable.jpg,826,825,arrow,284,454,380,531
300_arrow_rotatable.jpg,826,825,arrow,209,475,312,557
300_arrow_rotatable.jpg,826,825,arrow,136,515,251,606
300_arrow_rotatable.jpg,826,825,arrow,769,427,807,492
300_arrow_rotatable.jpg,826,825,arrow,702,455,747,533
300_arrow_rotatable.jpg,826,825,arrow,621,501,660,569
300_arrow_rotatable.jpg,826,825,arrow,560,516,603,591
300_arrow_rotatable.jpg,826,825,arrow,511,551,554,625
300_arrow_rotatable.jpg,826,825,arrow,444,586,489,664
300_arrow_rotatable.jpg,826,825,arrow,358,614,462,701
300_arrow_rotatable.jpg,826,825,arrow,269,635,408,735
300_arrow_rotatable.jpg,826,825,arrow,203,685,342,784
60_arrow_1.jpg,800,800,arrow,54,402,124,480
60_arrow_1.jpg,800,800,arrow,130,437,183,528
60_arrow_1.jpg,800,800,arrow,164,472,258,552
60_arrow_1.jpg,800,800,arrow,206,520,302,588
60_arrow_1.jpg,800,800,arrow,264,563,355,638
60_arrow_1.jpg,800,800,arrow,339,590,384,668
60_arrow_1.jpg,800,800,arrow,357,607,463,693
60_arrow_1.jpg,800,800,arrow,459,623,504,700
60_arrow_1.jpg,800,800,arrow,486,680,573,752
60_arrow_1.jpg,800,800,arrow,152,216,251,299
60_arrow_1.jpg,800,800,arrow,253,258,309,354
60_arrow_1.jpg,800,800,arrow,324,311,373,396
60_arrow_1.jpg,800,800,arrow,359,354,456,436
60_arrow_1.jpg,800,800,arrow,442,390,491,475
60_arrow_1.jpg,800,800,arrow,492,398,551,499
60_arrow_1.jpg,800,800,arrow,559,448,604,526
60_arrow_1.jpg,800,800,arrow,636,481,683,562
60_arrow_1.jpg,800,800,arrow,256,25,363,98
60_arrow_1.jpg,800,800,arrow,331,66,427,136
60_arrow_1.jpg,800,800,arrow,386,116,492,183
60_arrow_1.jpg,800,800,arrow,461,158,538,222
60_arrow_1.jpg,800,800,arrow,512,183,608,249
60_arrow_1.jpg,800,800,arrow,576,182,673,274
60_arrow_1.jpg,800,800,arrow,677,233,725,316
60_arrow_3.jpg,826,825,arrow,362,250,410,283
60_arrow_3.jpg,826,825,arrow,385,287,473,322
60_arrow_3.jpg,826,825,arrow,422,255,450,280
60_arrow_3.jpg,826,825,arrow,459,327,501,384
60_arrow_3.jpg,826,825,arrow,493,354,529,416
60_arrow_3.jpg,826,825,arrow,546,341,597,404
60_arrow_3.jpg,826,825,arrow,406,212,453,253
120_arrow_1.jpg,800,800,arrow,256,653,310,747
120_arrow_1.jpg,800,800,arrow,324,606,376,697
120_arrow_1.jpg,800,800,arrow,356,579,449,659
120_arrow_1.jpg,800,800,arrow,413,569,509,637
120_arrow_1.jpg,800,800,arrow,483,540,574,615
120_arrow_1.jpg,800,800,arrow,557,508,602,586
120_arrow_1.jpg,800,800,arrow,569,473,674,559
120_arrow_1.jpg,800,800,arrow,645,421,689,498
120_arrow_1.jpg,800,800,arrow,695,409,782,481
120_arrow_1.jpg,800,800,arrow,128,459,227,542
120_arrow_1.jpg,800,800,arrow,232,407,287,503
120_arrow_1.jpg,800,800,arrow,309,378,359,463
120_arrow_1.jpg,800,800,arrow,351,349,448,431
120_arrow_1.jpg,800,800,arrow,437,315,486,400
120_arrow_1.jpg,800,800,arrow,474,268,532,369
120_arrow_1.jpg,800,800,arrow,544,247,589,325
120_arrow_1.jpg,800,800,arrow,612,195,658,276
120_arrow_1.jpg,800,800,arrow,9,272,115,345
120_arrow_1.jpg,800,800,arrow,82,233,179,303
120_arrow_1.jpg,800,800,arrow,150,207,256,274
120_arrow_1.jpg,800,800,arrow,229,176,307,240
120_arrow_1.jpg,800,800,arrow,273,136,369,202
120_arrow_1.jpg,800,800,arrow,320,81,416,162
120_arrow_1.jpg,800,800,arrow,394,34,490,117
240_arrow_3.jpg,826,825,arrow,420,518,485,598
240_arrow_3.jpg,826,825,arrow,351,456,438,565
240_arrow_3.jpg,826,825,arrow,378,539,424,597
240_arrow_3.jpg,826,825,arrow,334,420,379,498
240_arrow_3.jpg,826,825,arrow,295,409,331,471
240_arrow_3.jpg,826,825,arrow,227,421,278,484
240_arrow_3.jpg,826,825,arrow,387,573,418,613
